Dice Mean,Dice Std,IoU Mean,IoU Std,Sensitivity Mean,Specificity Mean
0.9527820348739624,0.07536810636520386,0.917025625705719,0.09713128954172134,0.9606056213378906,0.9990087747573853
